-13.2445210,0.5840978,2.4941056
-13.1174992,0.4299705,2.4132498
-12.9820705,0.2842816,2.3367772
-12.8347704,0.1504045,2.3310307
-12.6737309,0.0320732,2.3542280
-12.4997287,-0.0674043,2.3964142
-12.3154348,-0.1466963,2.4677976
-12.1261625,-0.2074366,2.6140090
-11.9320703,-0.2550198,2.7585576
-11.7347753,-0.2921680,2.8984441
-11.5373826,-0.3198241,3.0326373
-11.3385499,-0.3399000,3.1666486
-11.1384392,-0.3538269,3.3006056
-10.9392043,-0.3628048,3.4354008
-10.7392037,-0.3681137,3.5699072
-10.5390836,-0.3707124,3.7041259
-10.3392123,-0.3714208,3.8356454
-10.1392183,-0.3709291,3.9655233
-9.9393539,-0.3698048,4.0923713
-9.7395057,-0.3684684,4.2156619
-9.5396841,-0.3670654,4.3369033
-9.3398100,-0.3656090,4.4535589
-9.1399237,-0.3641592,4.5675583
-8.9400865,-0.3627485,4.6791843
-8.7401901,-0.3613736,4.7864786
-8.5403290,-0.3600317,4.8920544
-8.3404713,-0.3587195,4.9949269
-8.1405734,-0.3574340,5.0950054
-7.9407419,-0.3561733,5.1936167
-7.7408476,-0.3549338,5.2894482
-7.5409626,-0.3537136,5.3835119
-7.3411719,-0.3525106,5.4763075
-7.1412214,-0.3513207,5.5663458
-6.9413614,-0.3501432,5.6553133
-6.7415398,-0.3489755,5.7428244
-6.5415977,-0.3478143,5.8283649
-6.3417725,-0.3466591,5.9129587
-6.1419043,-0.3455064,5.9960136
-5.9419771,-0.3443518,6.0776575
-5.7421964,-0.3431908,6.1584541
-5.5422745,-0.3420190,6.2377006
-5.3423925,-0.3408438,6.3159032
-5.1426353,-0.3396690,6.3933253
-4.9426841,-0.3384931,6.4691695
-4.7428261,-0.3373182,6.5442048
-4.5430456,-0.3361445,6.6184555
-4.3431026,-0.3349706,6.6912244
-4.1432570,-0.3337982,6.7633068
-3.9434381,-0.3326270,6.8345530
-3.7435261,-0.3314564,6.9045176
-3.5436842,-0.3302874,6.9738292
-3.3438406,-0.3291196,7.0422755
-3.1439521,-0.3279528,7.1095939
-2.9441077,-0.3267876,7.1762900
-2.7442499,-0.3256237,7.2421045
-2.5443793,-0.3244612,7.3069133
-2.3445277,-0.3233001,7.3711278
-2.1446639,-0.3221405,7.4344504
-1.9448069,-0.3209847,7.4968306
-1.7449439,-0.3198388,7.5585988
-1.5450814,-0.3187142,7.6193610
-1.3452337,-0.3176275,7.6791525
-1.1453547,-0.3165992,7.7382830
-0.9455006,-0.3156532,7.7962633
-0.7456570,-0.3148146,7.8533018
-0.5457563,-0.3141085,7.9096732
-0.3459194,-0.3135583,7.9648577
-0.1460744,-0.3131809,7.9624509
0.0538541,-0.3129903,7.9176399
0.2536613,-0.3129989,7.8106224
0.4535138,-0.3132186,7.7034848
0.6534770,-0.3136578,7.5962442
0.8532374,-0.3143174,7.4885934
1.0531052,-0.3151911,7.3806935
1.2530486,-0.3162655,7.2724961
1.4528052,-0.3175208,7.1637318
1.6526998,-0.3189368,7.0546762
1.8525978,-0.3204889,6.9451925
2.0523733,-0.3221512,6.8351729
2.2523219,-0.3239032,6.7248468
2.4521572,-0.3257218,6.6139511
2.6519954,-0.3275910,6.5025073
2.8519558,-0.3294984,6.3907001
3.0517459,-0.3314311,6.2780050
3.2516220,-0.3333869,6.1647659
3.4515354,-0.3353634,6.0509661
3.6513511,-0.3373593,5.9359762
3.8512424,-0.3393769,5.8203722
4.0511064,-0.3414155,5.7037106
4.2509652,-0.3434763,5.5857349
4.4508444,-0.3455602,5.4669820
4.6507021,-0.3476674,5.3464019
4.8505771,-0.3497990,5.2245012
5.0504222,-0.3519546,5.1014754
5.2503066,-0.3541351,4.9757587
5.4501753,-0.3563421,4.8487219
5.6500280,-0.3585752,4.7195629
5.8499077,-0.3608378,4.5873670
6.0496995,-0.3632071,4.4535020
6.2495420,-0.3657000,4.3162384
6.4494804,-0.3680825,4.1766295
6.6492751,-0.3698955,4.0353823
6.8494678,-0.3704977,3.8905545
7.0494503,-0.3690862,3.7448872
7.2490005,-0.3646553,3.5981067
7.4492509,-0.3558755,3.4522931
7.6484644,-0.3412818,3.3081970
7.8467961,-0.3191551,3.1671532
8.0447999,-0.2874184,3.0332559
8.2398223,-0.2443575,2.9107108
8.4307153,-0.1882025,2.8040720
8.6182953,-0.1165863,2.7345510
8.7985613,-0.0296456,2.6742173
8.9702080,0.0718240,2.6136780
9.1329623,0.1862970,2.5402672
9.2878391,0.3127732,2.4598927
9.4329796,0.4492774,2.3849764
9.5664256,0.5969774,2.3618269
9.6860993,0.7568353,2.3734771
9.7894679,0.9286284,2.3958201
9.8734138,1.1094981,2.4396794
9.9387336,1.2975927,2.5524476
9.9893230,1.4913037,2.6866129
10.0283656,1.6880794,2.8220169
10.0570659,1.8848209,2.9499449
10.0773508,2.0840722,3.0762949
10.0903930,2.2839075,3.2013779
10.0975434,2.4830640,3.3270049
10.1001107,2.6837082,3.4527595
10.0991443,2.8831496,3.5784747
10.0955896,3.0831589,3.7032280
10.0902489,3.2832765,3.8270214
10.0838415,3.4828577,3.9479108
10.0769181,3.6830458,4.0676226
10.0700437,3.8826517,4.1813453
10.0636775,4.0825747,4.2920038
10.0583046,4.2823698,4.3963054
10.0543447,4.4822506,4.4372539
10.0518288,4.6820970,4.4321528
10.0504660,4.8822113,4.3299934
10.0499717,5.0819189,4.2074102
10.0499818,5.2822215,4.0759454
10.0498843,5.4820937,3.9423570
10.0488639,5.6819491,3.8051076
10.0458485,5.8822879,3.6674711
10.0396387,6.0810695,3.5296878
10.0286579,6.2818088,3.3952329
10.0114758,6.4808404,3.2633264
9.9864141,6.6785171,3.1352097
9.9513111,6.8763693,3.0141769
9.9048666,7.0704437,2.9031302
9.8454459,7.2601629,2.8079101
9.7706711,7.4469306,2.7407100
9.6813519,7.6260218,2.6826518
9.5786848,7.7966630,2.6254503
9.4642910,7.9592456,2.5590031
9.3390748,8.1146163,2.4898546
9.2041606,8.2614689,2.4136339
9.0585502,8.3971635,2.4200243
8.9008120,8.5192900,2.4395788
8.7310110,8.6251293,2.4735815
8.5507688,8.7132359,2.5387546
8.3645612,8.7842362,2.6770295
8.1738796,8.8426726,2.8149699
7.9794136,8.8908289,2.9493828
7.7829482,8.9294261,3.0763519
7.5859133,8.9595011,3.2007092
7.3869920,8.9825251,3.3248143
7.1876243,8.9995037,3.4493043
6.9883681,9.0115422,3.5746865
6.7882842,9.0197054,3.7003203
6.5885051,9.0248400,3.8260758
6.3885627,9.0277516,3.9510597
6.1885899,9.0291907,4.0754738
5.9887882,9.0298173,4.1973889
5.7889428,9.0300059,4.3173442
5.5890107,9.0299851,4.4350444
5.3891912,9.0298800,4.5483586
5.1892664,9.0297531,4.6596647
4.9894019,9.0296285,4.7671900
4.7895228,9.0294988,4.8717973
4.5896293,9.0293626,4.9746732
4.3897525,9.0292241,5.0737329
4.1898639,9.0290851,5.1712703
3.9900061,9.0289473,5.2667900
3.7900850,9.0288128,5.3597123
3.5902405,9.0286839,5.4514609
3.3903406,9.0285624,5.5409780
3.1904251,9.0284503,5.6289390
2.9906735,9.0283496,5.7158801
2.7906581,9.0282618,5.8005494
2.5907930,9.0281886,5.8843548
2.3909964,9.0281315,5.9669549
2.1909782,9.0280916,6.0480067
1.9912037,9.0280718,6.1283184
1.7913117,9.0280740,6.2073745
1.5913753,9.0280966,6.2853531
1.3916649,9.0281373,6.3626461
1.1916970,9.0281936,6.4386179
0.9918157,9.0282640,6.5137535
0.7921053,9.0283472,6.5882255
0.5921060,9.0284421,6.6613327
0.3922530,9.0285473,6.7337629
0.1924989,9.0286615,6.8055024
-0.0074731,9.0287839,6.8759569
-0.2073148,9.0289131,6.9457907
-0.4071159,9.0290490,7.0148945
-0.6070465,9.0291925,7.0827987
-0.8068873,9.0293473,7.1500678
-1.0067196,9.0295194,7.2165537
-1.2066172,9.0297178,7.2818545
-1.4064630,9.0299537,7.3464971
-1.6063171,9.0302412,7.4103031
-1.8061865,9.0305960,7.4729162
-2.0060403,9.0310360,7.5348511
-2.2059101,9.0315799,7.5959035
-2.4057536,9.0322468,7.6557756
-2.6056171,9.0330557,7.7149797
-2.8054966,9.0340239,7.7732980
-3.0053153,9.0351658,7.8305494
-3.2051902,9.0364929,7.8872163
-3.4050701,9.0380110,7.9430956
-3.6048661,9.0397189,7.9495232
-3.8047570,9.0416114,7.9147652
-4.0046226,9.0436790,7.8066947
-4.2044023,9.0459138,7.6983809
-4.4043190,9.0483079,7.5898972
-4.6041485,9.0508440,7.4811026
-4.8039247,9.0535020,7.3720160
-5.0038852,9.0562631,7.2627420
-5.2036480,9.0591003,7.1531371
-5.4034436,9.0619978,7.0433279
-5.6034753,9.0649460,6.9333705
-5.8031261,9.0679307,6.8231281
-6.0029828,9.0709663,6.7127345
-6.2029761,9.0740485,6.6021719
-6.4026696,9.0771561,6.4911680
-6.6026127,9.0802891,6.3798926
-6.8024656,9.0834364,6.2681195
-7.0022701,9.0865930,6.1556752
-7.2022302,9.0897563,6.0428283
-7.4020095,9.0929152,5.9289167
-7.6018796,9.0960679,5.8142748
-7.8017732,9.0992073,5.6989014
-8.0015946,9.1023256,5.5819658
-8.2014744,9.1054191,5.4642596
-8.4013234,9.1084803,5.3450361
-8.6011958,9.1115039,5.2241852
-8.8010258,9.1144850,5.1023638
-9.0009220,9.1174206,4.9777735
-9.2007830,9.1202948,4.8518203
-9.4006013,9.1230621,4.7240759
-9.6005491,9.1256353,4.5937359
-9.8003347,9.1278585,4.4622096
-10.0002164,9.1295373,4.3284213
-10.2001345,9.1304138,4.1934549
-10.3998870,9.1299586,4.0577408
-10.6000566,9.1274109,3.9213619
-10.7999766,9.1219210,3.7852721
-10.9993523,9.1125395,3.6495594
-11.1992909,9.0980792,3.5156038
-11.3979471,9.0774044,3.3829539
-11.5955441,9.0491207,3.2524330
-11.7925602,9.0115275,3.1253357
-11.9863687,8.9634136,3.0029562
-12.1760933,8.9033149,2.8875737
-12.3627005,8.8289301,2.8000483
-12.5421345,8.7401636,2.7310950
-12.7129960,8.6372852,2.6722975
-12.8747687,8.5215485,2.6094514
-13.0287543,8.3941917,2.5390185
-13.1746622,8.2580513,2.4665690
-13.3115284,8.1138513,2.3849696
-13.4369398,7.9593059,2.3769932
-13.5479452,7.7929893,2.4094613
-13.6415129,7.6154073,2.4423580
-13.7152063,7.4299766,2.5154184
-13.7712604,7.2389783,2.6469923
-13.8140570,7.0433261,2.7902370
-13.8465314,6.8453504,2.9267760
-13.8697431,6.6478430,3.0558848
-13.8854927,6.4480835,3.1832111
-13.8949431,6.2482150,3.3089023
-13.8993576,6.0488338,3.4340457
-13.8998793,5.8480938,3.5588339
-13.8974892,5.6488085,3.6821825
-13.8930093,5.4487174,3.8041754
-13.8871732,5.2487868,3.9243286
-13.8806134,5.0490829,4.0413681
-13.8738212,4.8489267,4.1571267
-13.8673045,4.6493688,4.2669868
-13.8615932,4.4494469,4.3748779
-13.8571440,4.2497351,4.4763955
-13.8540744,4.0498083,4.4813473
-13.8522986,3.8498850,4.3725662
-13.8515344,3.6497712,4.2537774
-13.8514862,3.4500444,4.1305068
-13.8518105,3.2496562,3.9987038
-13.8519458,3.0500521,3.8652842
-13.8511557,2.8497058,3.7274869
-13.8484484,2.6497322,3.5886726
-13.8426049,2.4502795,3.4486110
-13.8320296,2.2498359,3.3106624
-13.8151516,2.0515994,3.1745467
-13.7896905,1.8525515,3.0458636
-13.7536936,1.6555242,2.9290998
-13.7054996,1.4629972,2.8241397
-13.6420870,1.2722787,2.7537639
-13.5630146,1.0878246,2.6961647
-13.4691438,0.9118959,2.6397526
-13.3623199,0.7445777,2.5816427
-13.2445210,0.5840978,2.4941056
