0.0000000; -13.2445210; 0.5840978; -2.4796026; 0.2635107; 2.4941056; -0.9926204
0.1998690; -13.1174992; 0.4299705; -2.4246149; 0.2753100; 2.4132498; -0.9087118
0.3997380; -12.9820705; 0.2842816; -2.3550129; 0.4310840; 2.3367772; -0.0671031
0.5996071; -12.8347704; 0.1504045; -2.2589944; 0.5241019; 2.3310307; 0.2718910
0.7994761; -12.6737309; 0.0320732; -2.1485250; 0.5709606; 2.3542280; 0.5013571
0.9993451; -12.4997287; -0.0674043; -2.0314123; 0.5697138; 2.3964142; 0.8686295
1.1992141; -12.3154348; -0.1466963; -1.9254298; 0.4908527; 2.4677976; 1.8587628
1.3990831; -12.1261625; -0.2074366; -1.8421039; 0.3474766; 2.6140090; 1.9427638
1.5989522; -11.9320703; -0.2550198; -1.7828359; 0.2692183; 2.7585576; 1.9796425
1.7988212; -11.7347753; -0.2921680; -1.7320309; 0.2361277; 2.8984441; 1.9910810
1.9986902; -11.5373826; -0.3198241; -1.6894025; 0.1927883; 3.0326373; 2.0782967
2.1985592; -11.3385499; -0.3399000; -1.6546979; 0.1551958; 3.1666486; 2.1672550
2.3984283; -11.1384392; -0.3538269; -1.6269748; 0.1219049; 3.3006056; 2.2714393
2.5982973; -10.9392043; -0.3628048; -1.6056647; 0.0922974; 3.4354008; 2.3571911
2.7981663; -10.7392037; -0.3681137; -1.5898304; 0.0674976; 3.5699072; 2.4423773
2.9980353; -10.5390836; -0.3707124; -1.5784262; 0.0466856; 3.7041259; 2.4806928
3.1979043; -10.3392123; -0.3714208; -1.5708049; 0.0299655; 3.8356454; 2.5346586
3.3977734; -10.1392183; -0.3709291; -1.5663634; 0.0155668; 3.9655233; 2.5569936
3.5976424; -9.9393539; -0.3698048; -1.5643428; 0.0046378; 4.0923713; 2.5624347
3.7975114; -9.7395057; -0.3684684; -1.5639431; 0.0016284; 4.2156619; 2.5940118
3.9973804; -9.5396841; -0.3670654; -1.5636053; 0.0015463; 4.3369033; 2.5653196
4.1972494; -9.3398100; -0.3656090; -1.5634725; -0.0002164; 4.4535589; 2.5726914
4.3971185; -9.1399237; -0.3641592; -1.5636403; -0.0009998; 4.5675583; 2.5821331
4.5969875; -8.9400865; -0.3627485; -1.5638308; -0.0009067; 4.6791843; 2.5406918
4.7968565; -8.7401901; -0.3613736; -1.5640033; -0.0008200; 4.7864786; 2.5562226
4.9967255; -8.5403290; -0.3600317; -1.5641588; -0.0007410; 4.8920544; 2.5444119
5.1965945; -8.3404713; -0.3587195; -1.5643003; -0.0006751; 4.9949269; 2.5261184
5.3964636; -8.1405734; -0.3574340; -1.5644287; -0.0006090; 5.0950054; 2.5380972
5.5963326; -7.9407419; -0.3561733; -1.5645438; -0.0005431; 5.1936167; 2.5131663
5.7962016; -7.7408476; -0.3549338; -1.5646459; -0.0004792; 5.2894482; 2.5114879
5.9960706; -7.5409626; -0.3537136; -1.5647354; -0.0004163; 5.3835119; 2.5210118
6.1959397; -7.3411719; -0.3525106; -1.5648124; -0.0003540; 5.4763075; 2.4872832
6.3958087; -7.1412214; -0.3513207; -1.5648773; -0.0002954; 5.5663458; 2.4975415
6.5956777; -6.9413614; -0.3501432; -1.5649305; -0.0002374; 5.6553133; 2.4952934
6.7955467; -6.7415398; -0.3489755; -1.5649722; -0.0001804; 5.7428244; 2.4761340
6.9954157; -6.5415977; -0.3478143; -1.5650036; -0.0001349; 5.8283649; 2.4847374
7.1952848; -6.3417725; -0.3466591; -1.5650257; -0.0000727; 5.9129587; 2.4743665
7.3951538; -6.1419043; -0.3455064; -1.5650291; 0.0000382; 5.9960136; 2.4659675
7.5950228; -5.9419771; -0.3443518; -1.5650081; 0.0001809; 6.0776575; 2.4732118
7.7948918; -5.7421964; -0.3431908; -1.5649572; 0.0002832; 6.1584541; 2.4574882
7.9947608; -5.5422745; -0.3420190; -1.5649202; 0.0000870; 6.2377006; 2.4559201
8.1946299; -5.3423925; -0.3408438; -1.5649156; 0.0000047; 6.3159032; 2.4615497
8.3944989; -5.1426353; -0.3396690; -1.5649152; -0.0000010; 6.3933253; 2.4404621
8.5943679; -4.9426841; -0.3384931; -1.5649164; -0.0000108; 6.4691695; 2.4427553
8.7942369; -4.7428261; -0.3373182; -1.5649193; -0.0000171; 6.5442048; 2.4449450
8.9941060; -4.5430456; -0.3361445; -1.5649231; -0.0000203; 6.6184555; 2.4229128
9.1939750; -4.3431026; -0.3349706; -1.5649275; -0.0000235; 6.6912244; 2.4261770
9.3938440; -4.1432570; -0.3337982; -1.5649325; -0.0000263; 6.7633068; 2.4235757
9.5937130; -3.9434381; -0.3326270; -1.5649379; -0.0000283; 6.8345530; 2.4046959
9.7935820; -3.7435261; -0.3314564; -1.5649437; -0.0000297; 6.9045176; 2.4064031
9.9934511; -3.5436842; -0.3302874; -1.5649498; -0.0000310; 6.9738292; 2.3999475
10.1933201; -3.3438406; -0.3291196; -1.5649561; -0.0000321; 7.0422755; 2.3832639
10.3931891; -3.1439521; -0.3279528; -1.5649626; -0.0000326; 7.1095939; 2.3835912
10.5930581; -2.9441077; -0.3267876; -1.5649692; -0.0000340; 7.1762900; 2.3739057
10.7929271; -2.7442499; -0.3256237; -1.5649763; -0.0000375; 7.2421045; 2.3588049
10.9927962; -2.5443793; -0.3244612; -1.5649835; -0.0000325; 7.3069133; 2.3579026
11.1926652; -2.3445277; -0.3233001; -1.5649896; -0.0000382; 7.3711278; 2.3453527
11.3925342; -2.1446639; -0.3221405; -1.5650012; -0.0000780; 7.4344504; 2.3300666
11.5924032; -1.9448069; -0.3209847; -1.5650309; -0.0002516; 7.4968306; 2.3263931
11.7922722; -1.7449439; -0.3198388; -1.5651040; -0.0005161; 7.5585988; 2.3071254
11.9921413; -1.5450814; -0.3187142; -1.5652492; -0.0009368; 7.6193610; 2.2882994
12.1920103; -1.3452337; -0.3176275; -1.5654861; -0.0014658; 7.6791525; 2.2805962
12.3918793; -1.1453547; -0.3165992; -1.5658365; -0.0020508; 7.7382830; 2.2532221
12.5917483; -0.9455006; -0.3156532; -1.5663104; -0.0026907; 7.7962633; 2.2330281
12.7916174; -0.7456570; -0.3148146; -1.5669114; -0.0033215; 7.8533018; 2.2229088
12.9914864; -0.5457563; -0.3141085; -1.5676374; -0.0039176; 7.9096732; 2.1915068
13.1913554; -0.3459194; -0.3135583; -1.5684620; -0.0043341; 7.9648577; -0.0958994
13.3912244; -0.1460744; -0.3131809; -1.5693653; -0.0046800; 7.9624509; -1.7801722
13.5910934; 0.0538541; -0.3129903; -1.5703310; -0.0049802; 7.9176399; -4.2107528
13.7909625; 0.2536613; -0.3129989; -1.5713576; -0.0052949; 7.8106224; -4.1580857
13.9908315; 0.4535138; -0.3132186; -1.5724406; -0.0054907; 7.7034848; -4.1045693
14.1907005; 0.6534770; -0.3136578; -1.5735481; -0.0055851; 7.5962442; -4.0623962
14.3905695; 0.8532374; -0.3143174; -1.5746407; -0.0053537; 7.4885934; -4.0136133
14.5904385; 1.0531052; -0.3151911; -1.5756830; -0.0050216; 7.3806935; -3.9661900
14.7903076; 1.2530486; -0.3162655; -1.5766420; -0.0045714; 7.2724961; -3.9279395
14.9901766; 1.4528052; -0.3175208; -1.5774994; -0.0040025; 7.1637318; -3.8790338
15.1900456; 1.6526998; -0.3189368; -1.5782411; -0.0034058; 7.0546762; -3.8344047
15.3899146; 1.8525978; -0.3204889; -1.5788591; -0.0027776; 6.9451925; -3.7927593
15.5897836; 2.0523733; -0.3221512; -1.5793558; -0.0022072; 6.8351729; -3.7425115
15.7896527; 2.2523219; -0.3239032; -1.5797427; -0.0016842; 6.7248468; -3.7004613
15.9895217; 2.4521572; -0.3257218; -1.5800367; -0.0012587; 6.6139511; -3.6567656
16.1893907; 2.6519954; -0.3275910; -1.5802518; -0.0009243; 6.5025073; -3.6062434
16.3892597; 2.8519558; -0.3294984; -1.5804081; -0.0006530; 6.3907001; -3.5715933
16.5891288; 3.0517459; -0.3314311; -1.5805286; -0.0005534; 6.2780050; -3.5248266
16.7889978; 3.2516220; -0.3333869; -1.5806319; -0.0005057; 6.1647659; -3.4776478
16.9888668; 3.4515354; -0.3353634; -1.5807335; -0.0005108; 6.0509661; -3.4482017
17.1887358; 3.6513511; -0.3373593; -1.5808366; -0.0005215; 5.9359762; -3.3999285
17.3886048; 3.8512424; -0.3393769; -1.5809421; -0.0005356; 5.8203722; -3.3632468
17.5884739; 4.0511064; -0.3414155; -1.5810511; -0.0005554; 5.7037106; -3.3318825
17.7883429; 4.2509652; -0.3434763; -1.5811639; -0.0005720; 5.5857349; -3.2835074
17.9882119; 4.4508444; -0.3455602; -1.5812798; -0.0005883; 5.4669820; -3.2618331
18.1880809; 4.6507021; -0.3476674; -1.5813993; -0.0006077; 5.3464019; -3.2236131
18.3879499; 4.8505771; -0.3497990; -1.5815218; -0.0006103; 5.2245012; -3.1779845
18.5878190; 5.0504222; -0.3519546; -1.5816426; -0.0005988; 5.1014754; -3.1692668
18.7876880; 5.2503066; -0.3541351; -1.5817692; -0.0006718; 4.9757587; -3.1222216
18.9875570; 5.4501753; -0.3563421; -1.5819082; -0.0006647; 4.8487219; -3.0916002
19.1874260; 5.6500280; -0.3585752; -1.5820250; -0.0005043; 4.7195629; -3.0778601
19.3872950; 5.8499077; -0.3608378; -1.5822896; -0.0026957; 4.5873670; -3.0276231
19.5871641; 6.0496995; -0.3632071; -1.5830899; -0.0039450; 4.4535020; -3.0113876
19.7870331; 6.2495420; -0.3657000; -1.5832356; 0.0024865; 4.3162384; -2.9661417
19.9869021; 6.4494804; -0.3680825; -1.5817888; 0.0141048; 4.1766295; -2.9017093
20.1867711; 6.6492751; -0.3698955; -1.5774391; 0.0295355; 4.0353823; -2.8716214
20.3866402; 6.8494678; -0.3704977; -1.5694846; 0.0501019; 3.8905545; -2.7824071
20.5865092; 7.0494503; -0.3690862; -1.5571585; 0.0753840; 3.7448872; -2.6962871
20.7863782; 7.2490005; -0.3646553; -1.5389706; 0.1072984; 3.5981067; -2.5717942
20.9862472; 7.4492509; -0.3558755; -1.5136818; 0.1461443; 3.4522931; -2.4369960
21.1861162; 7.6484644; -0.3412818; -1.4802073; 0.1897493; 3.3081970; -2.2847669
21.3859853; 7.8467961; -0.3191551; -1.4375417; 0.2389040; 3.1671532; -2.0769055
21.5858543; 8.0447999; -0.2874184; -1.3844572; 0.2911807; 3.0332559; -1.8222033
21.7857233; 8.2398223; -0.2443575; -1.3206962; 0.3448117; 2.9107108; -1.5245415
21.9855923; 8.4307153; -0.1882025; -1.2469195; 0.3983975; 2.8040720; -0.9632573
22.1854613; 8.6182953; -0.1165863; -1.1644439; 0.4235169; 2.7345510; -0.8163631
22.3853304; 8.7985613; -0.0296456; -1.0784808; 0.4233769; 2.6742173; -0.8008378
22.5851994; 8.9702080; 0.0718240; -0.9960824; 0.3990458; 2.6136780; -0.9465084
22.7850684; 9.1329623; 0.1862970; -0.9211524; 0.3538523; 2.5402672; -1.0053718
22.9849374; 9.2878391; 0.3127732; -0.8513445; 0.3389612; 2.4598927; -0.9079930
23.1848064; 9.4329796; 0.4492774; -0.7778871; 0.4120667; 2.3849764; -0.2748958
23.3846755; 9.5664256; 0.5969774; -0.6899446; 0.4633636; 2.3618269; 0.1380087
23.5845445; 9.6860993; 0.7568353; -0.5940333; 0.5037990; 2.3734771; 0.2665749
23.7844135; 9.7894679; 0.9286284; -0.4877015; 0.5453247; 2.3958201; 0.5305525
23.9842825; 9.8734138; 1.1094981; -0.3824817; 0.5118849; 2.4396794; 1.4083043
24.1841516; 9.9387336; 1.2975927; -0.2904037; 0.3922879; 2.5524476; 1.7584030
24.3840206; 9.9893230; 1.4913037; -0.2239692; 0.2930768; 2.6866129; 1.8659475
24.5838896; 10.0283656; 1.6880794; -0.1690090; 0.2559231; 2.8220169; 1.8471994
24.7837586; 10.0570659; 1.8848209; -0.1220141; 0.2170709; 2.9499449; 1.9047858
24.9836276; 10.0773508; 2.0840722; -0.0820896; 0.1809612; 3.0762949; 1.9643605
25.1834967; 10.0903930; 2.2839075; -0.0494122; 0.1462672; 3.2013779; 2.0516978
25.3833657; 10.0975434; 2.4830640; -0.0233998; 0.1152312; 3.3270049; 2.1328633
25.5832347; 10.1001107; 2.6837082; -0.0031117; 0.0877480; 3.4527595; 2.2112792
25.7831037; 10.0991443; 2.8831496; 0.0120306; 0.0645092; 3.5784747; 2.2725302
25.9829727; 10.0955896; 3.0831589; 0.0228397; 0.0443637; 3.7032280; 2.3320146
26.1828418; 10.0902489; 3.2832765; 0.0299354; 0.0267406; 3.8270214; 2.3513082
26.3827108; 10.0838415; 3.4828577; 0.0337807; 0.0123441; 3.9479108; 2.4004560
26.5825798; 10.0769181; 3.6830458; 0.0349179; -0.0008615; 4.0676226; 2.3467749
26.7824488; 10.0700437; 3.8826517; 0.0335322; -0.0129835; 4.1813453; 2.3456557
26.9823179; 10.0636775; 4.0825747; 0.0297365; -0.0247880; 4.2920038; 2.2669969
27.1821869; 10.0583046; 4.2823698; 0.0236607; -0.0360086; 4.3963054; 0.9048938
27.3820559; 10.0543447; 4.4822506; 0.0159705; -0.0363469; 4.4372539; -0.1131819
27.5819249; 10.0518288; 4.6820970; 0.0094551; -0.0288681; 4.4321528; -2.2393067
27.7817939; 10.0504660; 4.8822113; 0.0044039; -0.0216702; 4.3299934; -2.6180690
27.9816630; 10.0499717; 5.0819189; 0.0007893; -0.0137847; 4.2074102; -2.7242094
28.1815320; 10.0499818; 5.2822215; -0.0003450; 0.0025693; 4.0759454; -2.6796345
28.3814010; 10.0498843; 5.4820937; 0.0019732; 0.0226329; 3.9423570; -2.6600791
28.5812700; 10.0488639; 5.6819491; 0.0091254; 0.0492959; 3.8051076; -2.5729349
28.7811390; 10.0458485; 5.8822879; 0.0220349; 0.0808027; 3.6674711; -2.4807449
28.9810081; 10.0396387; 6.0810695; 0.0416178; 0.1168162; 3.5296878; -2.3292503
29.1808771; 10.0286579; 6.2818088; 0.0690104; 0.1566383; 3.3952329; -2.1972067
29.3807461; 10.0114758; 6.4808404; 0.1046728; 0.2000413; 3.2633264; -2.0507413
29.5806151; 9.9864141; 6.6785171; 0.1491187; 0.2474869; 3.1352097; -1.8619124
29.7804841; 9.9513111; 6.8763693; 0.2036381; 0.2954215; 3.0141769; -1.6438204
29.9803532; 9.9048666; 7.0704437; 0.2678371; 0.3445308; 2.9031302; -1.3604059
30.1802222; 9.8454459; 7.2601629; 0.3407597; 0.3912442; 2.8079101; -0.9327799
30.3800912; 9.7706711; 7.4469306; 0.4213847; 0.4087873; 2.7407100; -0.7876922
30.5799602; 9.6813519; 7.6260218; 0.5034423; 0.3971599; 2.6826518; -0.7595756
30.7798293; 9.5786848; 7.7966630; 0.5785466; 0.3603973; 2.6254503; -0.8617965
30.9796983; 9.4642910; 7.9592456; 0.6463174; 0.3234874; 2.5590031; -0.8733742
31.1795673; 9.3390748; 8.1146163; 0.7096726; 0.3028304; 2.4898546; -0.9349801
31.3794363; 9.2041606; 8.2614689; 0.7794226; 0.3905276; 2.4136339; 0.0772728
31.5793053; 9.0585502; 8.3971635; 0.8642476; 0.4605897; 2.4200243; 0.2377235
31.7791744; 8.9008120; 8.5192900; 0.9612382; 0.5086274; 2.4395788; 0.4179258
31.9790434; 8.7310110; 8.6251293; 1.0659371; 0.5147857; 2.4735815; 0.8172093
32.1789124; 8.5507688; 8.7132359; 1.1649139; 0.4648624; 2.5387546; 1.8042113
32.3787814; 8.3645612; 8.7842362; 1.2435858; 0.3284416; 2.6770295; 1.8951629
32.5786504; 8.1738796; 8.8426726; 1.3016631; 0.2725046; 2.8149699; 1.9382766
32.7785195; 7.9794136; 8.8908289; 1.3534902; 0.2435040; 2.9493828; 1.9139595
32.9783885; 7.7829482; 8.9294261; 1.3991179; 0.2132283; 3.0763519; 1.9527744
33.1782575; 7.5859133; 8.9595011; 1.4384421; 0.1810560; 3.2007092; 2.0259546
33.3781265; 7.3869920; 8.9825251; 1.4716944; 0.1510517; 3.3248143; 2.1096556
33.5779955; 7.1876243; 8.9995037; 1.4990445; 0.1228925; 3.4493043; 2.2031521
33.7778646; 6.9883681; 9.0115422; 1.5210229; 0.0977074; 3.5746865; 2.2864637
33.9777336; 6.7882842; 9.0197054; 1.5382567; 0.0750885; 3.7003203; 2.3677650
34.1776026; 6.5885051; 9.0248400; 1.5512973; 0.0556449; 3.8260758; 2.4316349
34.3774716; 6.3885627; 9.0277516; 1.5605433; 0.0367943; 3.9510597; 2.4981707
34.5773407; 6.1885899; 9.0291907; 1.5660414; 0.0188565; 4.0754738; 2.5231184
34.7772097; 5.9887882; 9.0298173; 1.5690137; 0.0108942; 4.1973889; 2.5551421
34.9770787; 5.7889428; 9.0300059; 1.5704971; 0.0051173; 4.3173442; 2.5770822
35.1769477; 5.5890107; 9.0299851; 1.5711954; 0.0018749; 4.4350444; 2.5465362
35.3768167; 5.3891912; 9.0298800; 1.5714108; 0.0005395; 4.5483586; 2.5639528
35.5766858; 5.1892664; 9.0297531; 1.5714245; -0.0001485; 4.6596647; 2.5357237
35.7765548; 4.9894019; 9.0296285; 1.5714244; 0.0001478; 4.7671900; 2.5224215
35.9764238; 4.7895228; 9.0294988; 1.5714655; 0.0001669; 4.8717973; 2.5340717
36.1762928; 4.5896293; 9.0293626; 1.5714859; 0.0000414; 4.9746732; 2.4901104
36.3761618; 4.3897525; 9.0292241; 1.5714914; 0.0000134; 5.0737329; 2.4998164
36.5760309; 4.1898639; 9.0290851; 1.5714907; -0.0000277; 5.1712703; 2.4942337
36.7758999; 3.9900061; 9.0289473; 1.5714793; -0.0000863; 5.2667900; 2.4702144
36.9757689; 3.7900850; 9.0288128; 1.5714568; -0.0001374; 5.3597123; 2.4814017
37.1756379; 3.5902405; 9.0286839; 1.5714244; -0.0001870; 5.4514609; 2.4616391
37.3755069; 3.3903406; 9.0285624; 1.5713821; -0.0002362; 5.5409780; 2.4579026
37.5753760; 3.1904251; 9.0284503; 1.5713302; -0.0002821; 5.6289390; 2.4674441
37.7752450; 2.9906735; 9.0283496; 1.5712695; -0.0003261; 5.7158801; 2.4393168
37.9751140; 2.7906581; 9.0282618; 1.5712002; -0.0003662; 5.8005494; 2.4497498
38.1749830; 2.5907930; 9.0281886; 1.5711232; -0.0004008; 5.8843548; 2.4489017
38.3748521; 2.3909964; 9.0281315; 1.5710405; -0.0004276; 5.9669549; 2.4361825
38.5747211; 2.1909782; 9.0280916; 1.5709482; -0.0005030; 6.0480067; 2.4463543
38.7745901; 1.9912037; 9.0280718; 1.5708399; -0.0005574; 6.1283184; 2.4396270
38.9744591; 1.7913117; 9.0280740; 1.5707327; -0.0005152; 6.2073745; 2.4370096
39.1743281; 1.5913753; 9.0280966; 1.5706354; -0.0004519; 6.2853531; 2.4456078
39.3741972; 1.3916649; 9.0281373; 1.5705524; -0.0003835; 6.3626461; 2.4329310
39.5740662; 1.1916970; 9.0281936; 1.5704786; -0.0003549; 6.4386179; 2.4345538
39.7739352; 0.9918157; 9.0282640; 1.5704107; -0.0003231; 6.5137535; 2.4409250
39.9738042; 0.7921053; 9.0283472; 1.5703496; -0.0002889; 6.5882255; 2.4231811
40.1736732; 0.5921060; 9.0284421; 1.5702949; -0.0002583; 6.6613327; 2.4271129
40.3735423; 0.3922530; 9.0285473; 1.5702463; -0.0002287; 6.7337629; 2.4298418
40.5734113; 0.1924989; 9.0286615; 1.5702034; -0.0002002; 6.8055024; 2.4113818
40.7732803; -0.0074731; 9.0287839; 1.5701661; -0.0001732; 6.8759569; 2.4146422
40.9731493; -0.2073148; 9.0289131; 1.5701334; -0.0001644; 6.9457907; 2.4134216
41.1730183; -0.4071159; 9.0290490; 1.5700991; -0.0001789; 7.0148945; 2.3947996
41.3728874; -0.6070465; 9.0291925; 1.5700539; -0.0002809; 7.0827987; 2.3951516
41.5727564; -0.8068873; 9.0293473; 1.5699851; -0.0004316; 7.1500678; 2.3895087
41.7726254; -1.0067196; 9.0295194; 1.5698777; -0.0006430; 7.2165537; 2.3684441
41.9724944; -1.2066172; 9.0297178; 1.5697203; -0.0009422; 7.2818545; 2.3655859
42.1723635; -1.4064630; 9.0299537; 1.5694997; -0.0012849; 7.3464971; 2.3554725
42.3722325; -1.6063171; 9.0302412; 1.5692034; -0.0016805; 7.4103031; 2.3312411
42.5721015; -1.8061865; 9.0305960; 1.5688232; -0.0021311; 7.4729162; 2.3252808
42.7719705; -2.0060403; 9.0310360; 1.5683511; -0.0025994; 7.5348511; 2.3109393
42.9718395; -2.2059101; 9.0315799; 1.5677830; -0.0030848; 7.5959035; 2.2843676
43.1717086; -2.4057536; 9.0322468; 1.5671195; -0.0035536; 7.6557756; 2.2765209
43.3715776; -2.6056171; 9.0330557; 1.5663639; -0.0039893; 7.7149797; 2.2596059
43.5714466; -2.8054966; 9.0340239; 1.5655284; -0.0043694; 7.7732980; 2.2348205
43.7713156; -3.0053153; 9.0351658; 1.5646271; -0.0046318; 7.8305494; 2.2281506
43.9711846; -3.2051902; 9.0364929; 1.5636802; -0.0047915; 7.8872163; 2.2129138
44.1710537; -3.4050701; 9.0380110; 1.5627227; -0.0047879; 7.9430956; 0.2555497
44.3709227; -3.6048661; 9.0397189; 1.5617812; -0.0046008; 7.9495232; -1.3794328
44.5707917; -3.8047570; 9.0416114; 1.5608842; -0.0043866; 7.9147652; -4.2503471
44.7706607; -4.0046226; 9.0436790; 1.5600244; -0.0042172; 7.8066947; -4.2012888
44.9705298; -4.2044023; 9.0459138; 1.5592062; -0.0039500; 7.6983809; -4.1490381
45.1703988; -4.4043190; 9.0483079; 1.5584474; -0.0035988; 7.5898972; -4.1017961
45.3702678; -4.6041485; 9.0508440; 1.5577811; -0.0030705; 7.4811026; -4.0533417
45.5701368; -4.8039247; 9.0535020; 1.5572221; -0.0025166; 7.3720160; -4.0006172
45.7700058; -5.0038852; 9.0562631; 1.5567748; -0.0019671; 7.2627420; -3.9527187
45.9698749; -5.2036480; 9.0591003; 1.5564297; -0.0014890; 7.1531371; -3.8998090
46.1697439; -5.4034436; 9.0619978; 1.5561698; -0.0011772; 7.0433279; -3.8446202
46.3696129; -5.6034753; 9.0649460; 1.5559545; -0.0009925; 6.9333705; -3.7938573
46.5694819; -5.8031261; 9.0679307; 1.5557345; -0.0012100; 6.8231281; -3.7381303
46.7693509; -6.0029828; 9.0709663; 1.5554853; -0.0011280; 6.7127345; -3.6827399
46.9692200; -6.2029761; 9.0740485; 1.5553003; -0.0007231; 6.6021719; -3.6359098
47.1690890; -6.4026696; 9.0771561; 1.5551766; -0.0005396; 6.4911680; -3.5829285
47.3689580; -6.6026127; 9.0802891; 1.5550840; -0.0003895; 6.3798926; -3.5365823
47.5688270; -6.8024656; 9.0834364; 1.5550200; -0.0002521; 6.2681195; -3.4947535
47.7686960; -7.0022701; 9.0865930; 1.5549837; -0.0001082; 6.1556752; -3.4436627
47.9685651; -7.2022302; 9.0897563; 1.5549767; 0.0000383; 6.0428283; -3.4115360
48.1684341; -7.4020095; 9.0929152; 1.5549996; 0.0001906; 5.9289167; -3.3678602
48.3683031; -7.6018796; 9.0960679; 1.5550529; 0.0003440; 5.8142748; -3.3229610
48.5681721; -7.8017732; 9.0992073; 1.5551372; 0.0004989; 5.6989014; -3.3000003
48.7680412; -8.0015946; 9.1023256; 1.5552516; 0.0006450; 5.5819658; -3.2526506
48.9679102; -8.2014744; 9.1054191; 1.5553951; 0.0007943; 5.4642596; -3.2239184
49.1677792; -8.4013234; 9.1084803; 1.5555700; 0.0009553; 5.3450361; -3.1953419
49.3676482; -8.6011958; 9.1115039; 1.5557725; 0.0010476; 5.2241852; -3.1470477
49.5675172; -8.8010258; 9.1144850; 1.5559877; 0.0011194; 5.1023638; -3.1417764
49.7673863; -9.0009220; 9.1174206; 1.5562492; 0.0014979; 4.9777735; -3.0971987
49.9672553; -9.2007830; 9.1202948; 1.5566182; 0.0026078; 4.8518203; -3.0601725
50.1671243; -9.4006013; 9.1230621; 1.5573468; 0.0046871; 4.7240759; -3.0381993
50.3669933; -9.6005491; 9.1256353; 1.5586505; 0.0086988; 4.5937359; -2.9796887
50.5668623; -9.8003347; 9.1278585; 1.5608430; 0.0135249; 4.4622096; -2.9421363
50.7667314; -10.0002164; 9.1295373; 1.5641544; 0.0196096; 4.3284213; -2.8773010
50.9666004; -10.2001345; 9.1304138; 1.5691443; 0.0331999; 4.1934549; -2.8013436
51.1664694; -10.3998870; 9.1299586; 1.5776248; 0.0518397; 4.0577408; -2.7222359
51.3663384; -10.6000566; 9.1274109; 1.5901423; 0.0734386; 3.9213619; -2.6237039
51.5662074; -10.7999766; 9.1219210; 1.6071633; 0.0976803; 3.7852721; -2.5241547
51.7660765; -10.9993523; 9.1125395; 1.6293934; 0.1255067; 3.6495594; -2.4011067
51.9659455; -11.1992909; 9.0980792; 1.6576534; 0.1571276; 3.5156038; -2.2892329
52.1658145; -11.3979471; 9.0774044; 1.6925141; 0.1923130; 3.3829539; -2.1665597
52.3656835; -11.5955441; 9.0491207; 1.7347320; 0.2316654; 3.2524330; -2.0278218
52.5655526; -11.7925602; 9.0115275; 1.7853225; 0.2731916; 3.1253357; -1.8761719
52.7654216; -11.9863687; 8.9634136; 1.8444487; 0.3178105; 3.0029562; -1.7002728
52.9652906; -12.1760933; 8.9033149; 1.9122587; 0.3653896; 2.8875737; -1.2453451
53.1651596; -12.3627005; 8.8289301; 1.9890865; 0.4001296; 2.8000483; -0.9541012
53.3650286; -12.5421345; 8.7401636; 2.0716751; 0.4134212; 2.7310950; -0.7947843
53.5648977; -12.7129960; 8.6372852; 2.1535220; 0.3996568; 2.6722975; -0.8303877
53.7647667; -12.8747687; 8.5215485; 2.2284897; 0.3522925; 2.6094514; -0.9071477
53.9646357; -13.0287543; 8.3941917; 2.2929666; 0.2864442; 2.5390185; -0.9072250
54.1645047; -13.1746622; 8.2580513; 2.3507772; 0.2957268; 2.4665690; -0.9903559
54.3643737; -13.3115284; 8.1138513; 2.4176333; 0.3955150; 2.3849696; -0.0950198
54.5642428; -13.4369398; 7.9593059; 2.5045189; 0.4689118; 2.3769932; 0.3887722
54.7641118; -13.5479452; 7.7929893; 2.6031547; 0.5167650; 2.4094613; 0.3992834
54.9639808; -13.6415129; 7.6154073; 2.7115287; 0.5459250; 2.4423580; 0.9061368
55.1638498; -13.7152063; 7.4299766; 2.8126049; 0.4708378; 2.5154184; 1.6992089
55.3637188; -13.7712604; 7.2389783; 2.8953091; 0.3487367; 2.6469923; 1.9484114
55.5635879; -13.8140570; 7.0433261; 2.9540470; 0.2591722; 2.7902370; 1.9527665
55.7634569; -13.8465314; 6.8453504; 3.0029839; 0.2297018; 2.9267760; 1.9323015
55.9633259; -13.8697431; 6.6478430; 3.0449162; 0.1914469; 3.0558848; 1.9873031
56.1631949; -13.8854927; 6.4480835; 3.0797537; 0.1566405; 3.1832111; 2.0413419
56.3630640; -13.8949431; 6.2482150; 3.1078951; 0.1254135; 3.3089023; 2.1109704
56.5629330; -13.8993576; 6.0488338; 3.1300815; 0.0974394; 3.4340457; 2.1830025
56.7628020; -13.8998793; 5.8480938; -3.1361198; 0.0724525; 3.5588339; 2.2343862
56.9626710; -13.8974892; 5.6488085; -3.1237626; 0.0518941; 3.6821825; 2.2847028
57.1625400; -13.8930093; 5.4487174; -3.1152562; 0.0338046; 3.8041754; 2.3230320
57.3624091; -13.8871732; 5.2487868; -3.1100915; 0.0180082; 3.9243286; 2.3322807
57.5622781; -13.8806134; 5.0490829; -3.1078330; 0.0053826; 4.0413681; 2.3741703
57.7621471; -13.8738212; 4.8489267; -3.1078838; -0.0058343; 4.1571267; 2.3151996
57.9620161; -13.8673045; 4.6493688; -3.1105030; -0.0204709; 4.2669868; 2.3324792
58.1618851; -13.8615932; 4.4494469; -3.1159998; -0.0324150; 4.3748779; 2.2478716
58.3617542; -13.8571440; 4.2497351; -3.1227160; -0.0348043; 4.4763955; 0.1109653
58.5616232; -13.8540744; 4.0498083; -3.1296970; -0.0325905; 4.4813473; -2.4094230
58.7614922; -13.8522986; 3.8498850; -3.1354820; -0.0253326; 4.3725662; -2.5634612
58.9613612; -13.8515344; 3.6497712; -3.1398161; -0.0178806; 4.2537774; -2.5855341
59.1612303; -13.8514862; 3.4500444; 3.1405499; -0.0103510; 4.1305068; -2.6803914
59.3610993; -13.8518105; 3.2496562; 3.1399149; 0.0046545; 3.9987038; -2.6247427
59.5609683; -13.8519458; 3.0500521; -3.1407087; 0.0222480; 3.8652842; -2.6173738
59.7608373; -13.8511557; 2.8497058; -3.1337420; 0.0476410; 3.7274869; -2.5406320
59.9607063; -13.8484484; 2.6497322; -3.1213497; 0.0783709; 3.5886726; -2.4657473
60.1605754; -13.8426049; 2.4502795; -3.1019910; 0.1164456; 3.4486110; -2.3326093
60.3604444; -13.8320296; 2.2498359; -3.0742907; 0.1607556; 3.3106624; -2.2082937
60.5603134; -13.8151516; 2.0515994; -3.0373248; 0.2113995; 3.1745467; -2.0024656
60.7601824; -13.7896905; 1.8525515; -2.9895769; 0.2663287; 3.0458636; -1.7452910
60.9600514; -13.7536936; 1.6555242; -2.9303295; 0.3229499; 2.9290998; -1.5106401
61.1599205; -13.7054996; 1.4629972; -2.8602090; 0.3832098; 2.8241397; -0.9820172
61.3597895; -13.6420870; 1.2722787; -2.7797571; 0.4200575; 2.7537639; -0.7852925
61.5596585; -13.5630146; 1.0878246; -2.6934201; 0.4259392; 2.6961647; -0.7530198
61.7595275; -13.4691438; 0.9118959; -2.6103172; 0.3968479; 2.6397526; -0.7590337
61.9593965; -13.3623199; 0.7445777; -2.5391282; 0.3226958; 2.5816427; -1.1115188
62.1592656; -13.2445210; 0.5840978; -2.4796026; 0.2635107; 2.4941056; -0.9926204
